"","neo","mal"
"Gestation",-0.0587678963982216,-0.173674505223324
"AdultWeight",0.0536872120894293,-0.197300471488115
"Longevity",-0.000477531354596406,-0.139702450445187
